,pred_hy
0,"[62, 65, 54]"
1,"[58, 52, 38]"
2,"[35, 61, 55]"
3,"[52, 62, 39]"
4,"[56, 38, 55]"
5,"[19, 61, 55]"
6,"[19, 61, 55]"
7,"[64, 26, 52]"
8,"[65, 53, 62]"
9,"[65, 53, 62]"
10,"[65, 62, 31]"
11,"[19, 61, 62]"
12,"[27, 52, 61]"
13,"[48, 57, 60]"
14,"[58, 19, 61]"
15,"[23, 55, 63]"
16,"[51, 62, 31]"
17,"[40, 33, 61]"
18,"[19, 52, 38]"
19,"[19, 52, 38]"
20,"[56, 13, 62]"
21,"[40, 57, 48]"
22,"[40, 19, 62]"
23,"[24, 61, 55]"
24,"[24, 61, 55]"
25,"[54, 43, 62]"
26,"[57, 19, 60]"
27,"[57, 19, 60]"
28,"[48, 52, 39]"
29,"[27, 52, 55]"
30,"[40, 19, 61]"
31,"[40, 19, 61]"
32,"[40, 19, 61]"
33,"[25, 58, 61]"
34,"[25, 58, 61]"
35,"[52, 61, 23]"
36,"[58, 27, 52]"
37,"[57, 42, 52]"
38,"[25, 61, 57]"
39,"[23, 61, 63]"
40,"[0, 65, 62]"
41,"[0, 65, 62]"
42,"[48, 58, 19]"
43,"[40, 57, 19]"
44,"[62, 65, 46]"
45,"[52, 61, 15]"
46,"[33, 34, 55]"
47,"[48, 34, 55]"
48,"[48, 34, 55]"
49,"[48, 34, 55]"
50,"[48, 34, 55]"
51,"[49, 61, 55]"
52,"[49, 61, 55]"
53,"[31, 62, 55]"
54,"[51, 36, 55]"
55,"[51, 36, 55]"
56,"[24, 52, 60]"
57,"[24, 60, 52]"
58,"[0, 61, 63]"
59,"[0, 61, 63]"
60,"[38, 19, 62]"
61,"[38, 19, 62]"
62,"[41, 52, 62]"
63,"[65, 50, 62]"
64,"[48, 25, 55]"
65,"[43, 60, 54]"
66,"[43, 60, 54]"
67,"[65, 62, 17]"
68,"[65, 62, 17]"
69,"[25, 58, 57]"
70,"[28, 62, 52]"
71,"[40, 34, 61]"
72,"[52, 38, 39]"
73,"[40, 25, 61]"
74,"[48, 54, 62]"
75,"[56, 60, 13]"
76,"[48, 19, 60]"
77,"[56, 29, 55]"
78,"[52, 60, 23]"
79,"[23, 61, 55]"
80,"[35, 38, 55]"
81,"[54, 19, 62]"
82,"[54, 19, 62]"
83,"[40, 19, 43]"
84,"[37, 61, 55]"
85,"[37, 61, 55]"
86,"[58, 60, 13]"
87,"[27, 61, 55]"
88,"[27, 61, 55]"
89,"[19, 61, 54]"
90,"[40, 54, 62]"
91,"[24, 57, 52]"
92,"[48, 59, 55]"
93,"[60, 62, 30]"
94,"[60, 62, 30]"
95,"[57, 19, 38]"
96,"[57, 19, 38]"
97,"[57, 52, 39]"
98,"[65, 21, 62]"
99,"[65, 21, 62]"
100,"[48, 27, 52]"
101,"[48, 27, 52]"
102,"[40, 27, 52]"
103,"[32, 61, 55]"
104,"[40, 56, 19]"
105,"[56, 48, 19]"
106,"[40, 33, 48]"
107,"[56, 57, 59]"
108,"[57, 58, 59]"
109,"[40, 33, 19]"
110,"[58, 23, 55]"
111,"[28, 62, 55]"
112,"[2, 52, 63]"
113,"[56, 53, 62]"
114,"[56, 53, 62]"
115,"[0, 61, 55]"
116,"[27, 60, 61]"
117,"[27, 60, 61]"
118,"[49, 55, 33]"
119,"[58, 38, 47]"
120,"[57, 19, 54]"
121,"[65, 11, 62]"
122,"[33, 60, 54]"
123,"[40, 61, 13]"
124,"[40, 60, 39]"
125,"[40, 60, 39]"
126,"[19, 13, 62]"
127,"[19, 13, 62]"
128,"[33, 52, 23]"
129,"[48, 24, 55]"
130,"[13, 19, 61]"
131,"[58, 27, 55]"
132,"[58, 27, 55]"
133,"[56, 49, 55]"
134,"[56, 49, 55]"
135,"[52, 54, 39]"
136,"[58, 31, 55]"
137,"[48, 57, 34]"
138,"[48, 57, 34]"
139,"[48, 25, 57]"
140,"[40, 13, 62]"
141,"[27, 43, 52]"
142,"[37, 60, 61]"
143,"[19, 60, 54]"
144,"[57, 60, 30]"
145,"[38, 62, 39]"
146,"[62, 38, 39]"
147,"[56, 58, 59]"
148,"[48, 42, 52]"
149,"[48, 42, 52]"
150,"[48, 34, 60]"
151,"[11, 51, 61]"
152,"[11, 51, 61]"
153,"[58, 60, 30]"
154,"[38, 59, 62]"
155,"[40, 23, 63]"
156,"[58, 60, 53]"
157,"[28, 52, 60]"
158,"[42, 58, 61]"
159,"[48, 60, 39]"
160,"[65, 62, 6]"
161,"[33, 43, 54]"
162,"[33, 43, 54]"
163,"[58, 13, 38]"
164,"[19, 61, 22]"
165,"[58, 61, 23]"
166,"[58, 61, 23]"
167,"[56, 19, 38]"
168,"[52, 21, 62]"
169,"[52, 21, 62]"
170,"[64, 26, 58]"
171,"[64, 26, 58]"
172,"[31, 61, 55]"
173,"[31, 61, 55]"
174,"[48, 60, 54]"
175,"[48, 60, 54]"
176,"[65, 60, 45]"
177,"[35, 55, 47]"
178,"[40, 61, 30]"
179,"[48, 53, 62]"
180,"[40, 35, 61]"
181,"[40, 35, 61]"
182,"[40, 35, 61]"
183,"[58, 35, 38]"
184,"[61, 62, 23]"
185,"[61, 62, 23]"
186,"[58, 19, 22]"
187,"[57, 38, 47]"
188,"[50, 62, 55]"
189,"[0, 58, 55]"
190,"[33, 59, 57]"
191,"[56, 60, 53]"
192,"[0, 61, 62]"
193,"[32, 61, 62]"
194,"[40, 27, 61]"
195,"[40, 27, 61]"
196,"[11, 52, 61]"
197,"[40, 43, 39]"
198,"[40, 31, 55]"
199,"[57, 44, 52]"
200,"[57, 44, 52]"
201,"[57, 44, 52]"
202,"[57, 44, 52]"
203,"[60, 61, 23]"
204,"[58, 38, 22]"
205,"[56, 33, 13]"
206,"[48, 33, 34]"
207,"[48, 33, 34]"
208,"[48, 33, 34]"
209,"[28, 61, 62]"
210,"[19, 59, 62]"
211,"[57, 52, 15]"
212,"[58, 19, 13]"
213,"[25, 58, 38]"
214,"[33, 23, 55]"
215,"[33, 59, 60]"
216,"[33, 59, 60]"
217,"[41, 52, 57]"
218,"[48, 38, 47]"
219,"[54, 34, 62]"
220,"[54, 34, 62]"
221,"[64, 26, 60]"
222,"[56, 34, 55]"
223,"[56, 48, 59]"
224,"[40, 48, 34]"
225,"[48, 34, 40]"
226,"[58, 62, 23]"
227,"[58, 62, 23]"
228,"[42, 52, 38]"
229,"[56, 33, 59]"
230,"[57, 19, 22]"
231,"[57, 19, 22]"
232,"[57, 19, 22]"
233,"[40, 23, 55]"
234,"[49, 55, 57]"
235,"[18, 61, 55]"
236,"[40, 48, 39]"
237,"[40, 48, 39]"
238,"[56, 38, 22]"
239,"[0, 58, 61]"
240,"[40, 33, 39]"
241,"[40, 27, 55]"
242,"[56, 27, 55]"
243,"[56, 27, 55]"
244,"[62, 54, 39]"
245,"[40, 43, 13]"
246,"[57, 42, 58]"
247,"[58, 28, 55]"
248,"[27, 43, 61]"
249,"[26, 60, 52]"
250,"[35, 60, 38]"
251,"[48, 27, 55]"
252,"[33, 58, 59]"
253,"[33, 58, 59]"
254,"[33, 37, 55]"
255,"[58, 34, 38]"
256,"[58, 34, 38]"
257,"[25, 13, 62]"
258,"[58, 60, 23]"
259,"[58, 60, 23]"
260,"[0, 60, 55]"
261,"[48, 59, 60]"
262,"[40, 25, 48]"
263,"[48, 37, 61]"
264,"[40, 57, 30]"
265,"[57, 28, 52]"
266,"[48, 19, 22]"
267,"[56, 42, 60]"
268,"[52, 39, 47]"
269,"[57, 19, 47]"
270,"[48, 44, 52]"
271,"[48, 57, 39]"
272,"[11, 61, 55]"
273,"[24, 58, 56]"
274,"[48, 58, 27]"
275,"[65, 5, 62]"
276,"[57, 42, 33]"
277,"[19, 62, 39]"
278,"[19, 62, 39]"
279,"[56, 33, 35]"
280,"[60, 13, 47]"
281,"[60, 13, 47]"
282,"[48, 37, 55]"
283,"[48, 37, 55]"
284,"[56, 19, 13]"
285,"[56, 19, 13]"
286,"[56, 19, 13]"
287,"[40, 52, 15]"
288,"[40, 52, 15]"
289,"[40, 58, 30]"
290,"[56, 12, 55]"
291,"[48, 28, 52]"
292,"[56, 59, 38]"
293,"[33, 38, 22]"
294,"[60, 13, 22]"
295,"[35, 52, 39]"
296,"[48, 33, 54]"
297,"[28, 62, 60]"
298,"[56, 60, 37]"
299,"[56, 60, 37]"
300,"[34, 22, 55]"
301,"[48, 57, 29]"
302,"[48, 57, 29]"
303,"[40, 61, 23]"
304,"[40, 61, 23]"
305,"[48, 19, 54]"
306,"[0, 40, 63]"
307,"[33, 42, 60]"
308,"[38, 62, 30]"
309,"[41, 60, 62]"
310,"[50, 58, 55]"
311,"[42, 61, 38]"
312,"[34, 60, 54]"
313,"[65, 62, 9]"
314,"[65, 62, 9]"
315,"[65, 62, 9]"
316,"[50, 60, 55]"
317,"[40, 49, 61]"
318,"[40, 19, 54]"
319,"[48, 60, 53]"
320,"[57, 19, 59]"
321,"[48, 60, 13]"
322,"[48, 60, 13]"
323,"[24, 33, 58]"
324,"[24, 33, 58]"
325,"[40, 37, 61]"
326,"[40, 37, 61]"
327,"[48, 34, 38]"
328,"[48, 34, 38]"
329,"[53, 19, 61]"
330,"[48, 19, 47]"
331,"[48, 19, 47]"
332,"[48, 19, 47]"
333,"[48, 19, 47]"
334,"[48, 51, 45]"
335,"[19, 59, 60]"
336,"[59, 19, 60]"
337,"[56, 28, 52]"
338,"[27, 58, 43]"
339,"[60, 54, 39]"
340,"[58, 51, 36]"
341,"[57, 27, 61]"
342,"[40, 43, 35]"
343,"[40, 43, 35]"
344,"[57, 34, 54]"
345,"[40, 48, 54]"
346,"[48, 40, 54]"
347,"[56, 43, 29]"
348,"[57, 51, 36]"
349,"[57, 51, 36]"
350,"[48, 57, 35]"
351,"[54, 13, 62]"
352,"[54, 13, 62]"
353,"[54, 13, 62]"
354,"[54, 13, 62]"
355,"[17, 52, 57]"
356,"[13, 62, 39]"
357,"[13, 62, 39]"
358,"[33, 62, 23]"
359,"[33, 34, 38]"
360,"[34, 19, 62]"
361,"[58, 53, 38]"
362,"[33, 13, 38]"
363,"[57, 35, 47]"
364,"[1, 61, 63]"
365,"[19, 60, 39]"
366,"[19, 60, 39]"
367,"[56, 0, 55]"
368,"[25, 52, 39]"
369,"[58, 28, 61]"
370,"[24, 57, 48]"
371,"[48, 57, 24]"
372,"[49, 38, 55]"
373,"[59, 52, 39]"
374,"[46, 62, 55]"
375,"[40, 57, 42]"
376,"[40, 33, 54]"
377,"[19, 58, 59]"
378,"[19, 58, 59]"
379,"[40, 35, 60]"
380,"[40, 54, 22]"
381,"[56, 42, 58]"
382,"[38, 62, 31]"
383,"[38, 62, 31]"
384,"[61, 6, 55]"
385,"[40, 51, 45]"
386,"[40, 51, 45]"
387,"[56, 57, 37]"
388,"[48, 44, 55]"
389,"[48, 44, 55]"
390,"[16, 33, 62]"
391,"[57, 61, 15]"
392,"[57, 61, 15]"
393,"[48, 28, 55]"
394,"[48, 28, 55]"
395,"[48, 33, 49]"
396,"[48, 33, 59]"
397,"[36, 60, 63]"
398,"[57, 59, 22]"
399,"[56, 53, 38]"
400,"[24, 48, 56]"
401,"[56, 48, 27]"
402,"[48, 56, 27]"
403,"[51, 36, 60]"
404,"[48, 54, 47]"
405,"[48, 58, 31]"
406,"[38, 27, 62]"
407,"[38, 27, 62]"
408,"[60, 29, 38]"
409,"[60, 29, 38]"
410,"[11, 58, 51]"
411,"[25, 58, 13]"
412,"[25, 58, 13]"
413,"[25, 58, 13]"
414,"[34, 35, 55]"
415,"[61, 19, 29]"
416,"[27, 61, 38]"
417,"[48, 61, 31]"
418,"[48, 42, 60]"
419,"[33, 19, 13]"
420,"[33, 19, 13]"
421,"[62, 54, 30]"
422,"[0, 48, 55]"
423,"[48, 0, 55]"
424,"[38, 49, 62]"
425,"[43, 23, 55]"
426,"[43, 23, 55]"
427,"[56, 33, 42]"
428,"[40, 61, 31]"
429,"[40, 61, 31]"
430,"[40, 61, 31]"
431,"[58, 38, 30]"
432,"[58, 38, 30]"
433,"[58, 38, 30]"
434,"[37, 43, 61]"
435,"[56, 28, 55]"
436,"[32, 58, 61]"
437,"[32, 58, 61]"
438,"[0, 40, 55]"
439,"[60, 38, 30]"
440,"[57, 19, 53]"
441,"[25, 19, 57]"
442,"[17, 52, 60]"
443,"[57, 28, 62]"
444,"[43, 37, 55]"
445,"[40, 60, 23]"
446,"[34, 60, 22]"
447,"[13, 62, 30]"
448,"[13, 62, 30]"
449,"[49, 61, 38]"
450,"[49, 61, 38]"
451,"[56, 41, 55]"
452,"[58, 13, 39]"
453,"[40, 48, 30]"
454,"[56, 55, 31]"
455,"[57, 34, 13]"
456,"[57, 42, 38]"
457,"[48, 33, 53]"
458,"[48, 42, 58]"
459,"[35, 19, 38]"
460,"[57, 18, 55]"
461,"[58, 19, 53]"
462,"[58, 19, 53]"
463,"[52, 37, 38]"
464,"[51, 52, 7]"
465,"[52, 37, 38]"
466,"[51, 52, 7]"
467,"[56, 59, 19]"
468,"[56, 19, 59]"
469,"[26, 61, 55]"
470,"[58, 45, 55]"
471,"[48, 49, 57]"
472,"[48, 57, 49]"
473,"[56, 48, 37]"
474,"[27, 38, 55]"
475,"[27, 38, 55]"
476,"[48, 28, 62]"
477,"[56, 26, 52]"
478,"[11, 61, 62]"
479,"[57, 28, 61]"
480,"[58, 36, 55]"
481,"[0, 48, 61]"
482,"[0, 48, 61]"
483,"[40, 59, 43]"
484,"[33, 13, 47]"
485,"[33, 13, 47]"
486,"[40, 19, 39]"
487,"[40, 48, 27]"
488,"[57, 36, 55]"
489,"[58, 52, 21]"
490,"[57, 58, 44]"
491,"[57, 58, 44]"
492,"[42, 19, 61]"
493,"[34, 60, 13]"
494,"[42, 19, 61]"
495,"[48, 27, 43]"
496,"[40, 42, 43]"
497,"[19, 33, 59]"
498,"[40, 43, 29]"
499,"[58, 19, 29]"
500,"[16, 56, 62]"
501,"[40, 61, 15]"
502,"[40, 13, 47]"
503,"[52, 38, 23]"
504,"[52, 38, 23]"
505,"[24, 33, 48]"
506,"[24, 33, 48]"
507,"[40, 27, 43]"
508,"[25, 62, 39]"
509,"[59, 62, 39]"
510,"[40, 0, 61]"
511,"[40, 0, 61]"
512,"[57, 34, 19]"
513,"[57, 34, 19]"
514,"[19, 62, 30]"
515,"[19, 62, 30]"
516,"[48, 40, 13]"
517,"[40, 48, 13]"
518,"[31, 54, 55]"
519,"[43, 13, 54]"
520,"[56, 28, 62]"
521,"[27, 52, 13]"
522,"[13, 38, 47]"
523,"[19, 54, 22]"
524,"[32, 48, 61]"
525,"[32, 48, 61]"
526,"[19, 60, 29]"
527,"[19, 60, 29]"
528,"[19, 27, 62]"
529,"[19, 27, 62]"
530,"[60, 13, 39]"
531,"[25, 61, 22]"
532,"[57, 54, 30]"
533,"[54, 29, 62]"
534,"[54, 29, 62]"
535,"[40, 33, 31]"
536,"[57, 59, 54]"
537,"[34, 59, 55]"
538,"[48, 19, 59]"
539,"[48, 59, 19]"
540,"[48, 19, 59]"
541,"[48, 59, 19]"
542,"[49, 58, 38]"
543,"[49, 58, 38]"
544,"[56, 29, 38]"
545,"[52, 21, 60]"
546,"[60, 21, 52]"
547,"[34, 60, 47]"
548,"[32, 48, 62]"
549,"[56, 58, 44]"
550,"[56, 58, 44]"
551,"[52, 53, 39]"
552,"[32, 33, 61]"
553,"[32, 33, 61]"
554,"[42, 61, 22]"
555,"[57, 45, 55]"
556,"[33, 34, 19]"
557,"[57, 19, 29]"
558,"[25, 35, 57]"
559,"[25, 35, 57]"
560,"[40, 56, 37]"
561,"[16, 58, 56]"
562,"[40, 28, 55]"
563,"[56, 38, 30]"
564,"[48, 35, 60]"
565,"[48, 35, 60]"
566,"[48, 34, 22]"
567,"[36, 60, 55]"
568,"[58, 54, 30]"
569,"[26, 60, 55]"
570,"[26, 60, 55]"
571,"[35, 30, 55]"
572,"[0, 57, 63]"
573,"[40, 41, 61]"
574,"[16, 57, 52]"
575,"[58, 53, 47]"
576,"[33, 34, 54]"
577,"[33, 34, 54]"
578,"[48, 57, 31]"
579,"[48, 57, 31]"
580,"[33, 28, 62]"
581,"[58, 46, 55]"
582,"[58, 46, 55]"
583,"[56, 28, 61]"
584,"[40, 48, 53]"
585,"[48, 40, 53]"
586,"[48, 33, 23]"
587,"[56, 50, 55]"
588,"[56, 50, 55]"
589,"[56, 50, 55]"
590,"[56, 50, 55]"
591,"[48, 45, 55]"
592,"[52, 30, 39]"
593,"[51, 22, 31]"
594,"[48, 59, 22]"
595,"[19, 38, 22]"
596,"[19, 38, 22]"
597,"[19, 27, 61]"
598,"[48, 34, 19]"
599,"[60, 61, 46]"
600,"[40, 33, 27]"
601,"[48, 54, 39]"
602,"[48, 54, 39]"
603,"[27, 60, 38]"
604,"[48, 50, 55]"
605,"[48, 50, 55]"
606,"[48, 50, 55]"
607,"[48, 40, 31]"
608,"[48, 13, 47]"
609,"[64, 51, 7]"
610,"[56, 20, 55]"
611,"[16, 43, 62]"
612,"[16, 43, 62]"
613,"[54, 62, 31]"
614,"[64, 60, 6]"
615,"[59, 60, 54]"
616,"[60, 29, 22]"
617,"[24, 19, 62]"
618,"[24, 19, 62]"
619,"[0, 33, 58]"
620,"[58, 38, 31]"
621,"[48, 57, 27]"
622,"[48, 57, 27]"
623,"[40, 34, 22]"
624,"[34, 62, 39]"
625,"[34, 62, 39]"
626,"[16, 33, 60]"
627,"[48, 22, 39]"
628,"[42, 52, 13]"
629,"[57, 19, 39]"
630,"[57, 19, 39]"
631,"[33, 45, 55]"
632,"[25, 42, 52]"
633,"[25, 42, 52]"
634,"[25, 42, 52]"
635,"[33, 29, 38]"
636,"[58, 42, 38]"
637,"[42, 58, 38]"
638,"[57, 28, 60]"
639,"[33, 50, 61]"
640,"[33, 50, 61]"
641,"[40, 48, 23]"
642,"[40, 48, 23]"
643,"[40, 49, 33]"
644,"[60, 54, 30]"
645,"[1, 62, 63]"
646,"[40, 48, 29]"
647,"[64, 33, 26]"
648,"[24, 54, 62]"
649,"[57, 22, 47]"
650,"[57, 22, 47]"
651,"[57, 22, 47]"
652,"[57, 42, 19]"
653,"[58, 59, 54]"
654,"[33, 59, 22]"
655,"[40, 54, 39]"
656,"[56, 61, 15]"
657,"[64, 26, 40]"
658,"[23, 38, 55]"
659,"[58, 13, 30]"
660,"[58, 13, 30]"
661,"[58, 13, 30]"
662,"[58, 13, 30]"
663,"[25, 58, 39]"
664,"[32, 52, 38]"
665,"[57, 29, 22]"
666,"[58, 19, 30]"
667,"[58, 19, 30]"
668,"[58, 19, 30]"
669,"[16, 58, 43]"
670,"[33, 22, 47]"
671,"[60, 29, 47]"
672,"[35, 38, 47]"
673,"[56, 34, 38]"
674,"[35, 38, 47]"
675,"[35, 38, 47]"
676,"[49, 58, 19]"
677,"[49, 58, 19]"
678,"[56, 57, 12]"
679,"[43, 29, 38]"
680,"[57, 19, 30]"
681,"[35, 60, 54]"
682,"[35, 60, 54]"
683,"[35, 60, 54]"
684,"[57, 61, 46]"
685,"[52, 38, 15]"
686,"[56, 19, 53]"
687,"[56, 19, 53]"
688,"[59, 19, 38]"
689,"[40, 33, 53]"
690,"[40, 33, 23]"
691,"[48, 36, 63]"
692,"[19, 23, 63]"
693,"[33, 35, 47]"
694,"[19, 38, 39]"
695,"[19, 38, 39]"
696,"[48, 50, 61]"
697,"[48, 50, 61]"
698,"[40, 35, 47]"
699,"[33, 50, 62]"
700,"[25, 60, 39]"
701,"[64, 58, 6]"
702,"[43, 28, 61]"
703,"[13, 38, 22]"
704,"[13, 38, 22]"
705,"[27, 54, 55]"
706,"[19, 58, 27]"
707,"[19, 58, 27]"
708,"[27, 58, 19]"
709,"[27, 58, 19]"
710,"[19, 13, 47]"
711,"[61, 5, 55]"
712,"[5, 61, 55]"
713,"[61, 5, 55]"
714,"[5, 61, 55]"
715,"[5, 61, 55]"
716,"[16, 52, 38]"
717,"[16, 52, 38]"
718,"[25, 22, 57]"
719,"[25, 22, 57]"
720,"[58, 53, 22]"
721,"[58, 53, 22]"
722,"[40, 33, 42]"
723,"[40, 33, 42]"
724,"[49, 13, 55]"
725,"[37, 19, 61]"
726,"[56, 53, 47]"
727,"[40, 20, 55]"
728,"[19, 60, 30]"
729,"[19, 60, 30]"
730,"[48, 35, 19]"
731,"[34, 53, 62]"
732,"[34, 53, 62]"
733,"[57, 34, 47]"
734,"[57, 34, 47]"
735,"[57, 34, 47]"
736,"[40, 50, 61]"
737,"[44, 38, 52]"
738,"[44, 38, 52]"
739,"[44, 38, 52]"
740,"[52, 38, 44]"
741,"[44, 38, 52]"
742,"[41, 52, 38]"
743,"[56, 25, 35]"
744,"[40, 33, 35]"
745,"[56, 50, 62]"
746,"[35, 60, 39]"
747,"[35, 60, 39]"
748,"[35, 60, 39]"
749,"[35, 60, 39]"
750,"[40, 28, 61]"
751,"[40, 28, 61]"
752,"[40, 28, 61]"
753,"[48, 50, 62]"
754,"[33, 35, 22]"
755,"[40, 29, 38]"
756,"[48, 45, 62]"
757,"[48, 45, 62]"
758,"[48, 45, 62]"
759,"[60, 29, 54]"
760,"[60, 29, 54]"
761,"[60, 54, 31]"
762,"[52, 29, 39]"
763,"[52, 29, 39]"
764,"[52, 29, 39]"
765,"[40, 19, 59]"
766,"[42, 60, 22]"
767,"[40, 27, 38]"
768,"[58, 19, 37]"
769,"[58, 19, 37]"
770,"[56, 13, 30]"
771,"[40, 50, 62]"
772,"[1, 60, 63]"
773,"[40, 48, 37]"
774,"[56, 58, 28]"
775,"[16, 33, 56]"
776,"[40, 25, 13]"
777,"[27, 35, 52]"
778,"[27, 52, 22]"
779,"[42, 61, 13]"
780,"[42, 13, 61]"
781,"[42, 13, 61]"
782,"[48, 60, 28]"
783,"[48, 60, 28]"
784,"[17, 60, 62]"
785,"[56, 19, 29]"
786,"[56, 19, 29]"
787,"[56, 19, 29]"
788,"[17, 60, 61]"
789,"[17, 60, 61]"
790,"[58, 19, 42]"
791,"[58, 19, 42]"
792,"[57, 22, 39]"
793,"[57, 22, 39]"
794,"[57, 22, 39]"
795,"[17, 60, 55]"
796,"[56, 53, 22]"
797,"[57, 38, 31]"
798,"[32, 43, 61]"
799,"[27, 13, 55]"
800,"[27, 13, 55]"
801,"[48, 33, 35]"
802,"[48, 33, 35]"
803,"[49, 13, 62]"
804,"[42, 13, 62]"
805,"[25, 58, 53]"
806,"[35, 38, 22]"
807,"[24, 19, 60]"
808,"[24, 19, 60]"
809,"[24, 19, 60]"
810,"[48, 40, 35]"
811,"[40, 48, 35]"
812,"[48, 40, 35]"
813,"[40, 48, 35]"
814,"[48, 26, 55]"
815,"[34, 59, 60]"
816,"[34, 59, 60]"
817,"[34, 59, 60]"
818,"[32, 43, 62]"
819,"[32, 43, 62]"
820,"[33, 34, 13]"
821,"[35, 19, 47]"
822,"[5, 62, 55]"
823,"[56, 49, 54]"
824,"[31, 13, 55]"
825,"[56, 41, 60]"
826,"[43, 44, 52]"
827,"[48, 34, 13]"
828,"[48, 34, 13]"
829,"[50, 52, 38]"
830,"[49, 22, 55]"
831,"[49, 22, 55]"
832,"[24, 58, 43]"
833,"[48, 57, 44]"
834,"[42, 52, 34]"
835,"[33, 19, 49]"
836,"[48, 44, 60]"
837,"[48, 44, 60]"
838,"[48, 44, 60]"
839,"[48, 56, 31]"
840,"[48, 25, 22]"
841,"[48, 57, 15]"
842,"[48, 57, 15]"
843,"[48, 57, 15]"
844,"[48, 57, 15]"
845,"[16, 33, 48]"
846,"[25, 42, 61]"
847,"[16, 43, 60]"
848,"[53, 62, 39]"
849,"[33, 58, 28]"
850,"[57, 35, 39]"
851,"[39, 62, 30]"
852,"[43, 45, 55]"
853,"[42, 58, 47]"
854,"[47, 62, 30]"
855,"[32, 40, 62]"
856,"[48, 0, 60]"
857,"[0, 48, 60]"
858,"[48, 19, 30]"
859,"[27, 43, 38]"
860,"[27, 43, 38]"
861,"[33, 42, 19]"
862,"[56, 33, 44]"
863,"[56, 33, 44]"
864,"[40, 13, 39]"
865,"[40, 13, 39]"
866,"[49, 43, 54]"
867,"[65, 62, 14]"
868,"[57, 34, 59]"
869,"[34, 58, 53]"
870,"[48, 56, 44]"
871,"[58, 54, 31]"
872,"[58, 54, 31]"
873,"[58, 54, 31]"
874,"[62, 53, 54]"
875,"[48, 19, 29]"
876,"[40, 43, 23]"
877,"[38, 62, 23]"
878,"[48, 32, 60]"
879,"[48, 60, 15]"
880,"[42, 61, 54]"
881,"[52, 45, 38]"
882,"[52, 45, 38]"
883,"[48, 57, 28]"
884,"[48, 26, 61]"
885,"[25, 43, 57]"
886,"[48, 53, 47]"
887,"[27, 60, 54]"
888,"[40, 16, 48]"
889,"[24, 60, 54]"
890,"[58, 35, 30]"
891,"[40, 11, 51]"
892,"[51, 45, 38]"
893,"[51, 45, 38]"
894,"[32, 56, 60]"
895,"[13, 53, 62]"
896,"[33, 54, 30]"
897,"[58, 38, 23]"
898,"[58, 38, 23]"
899,"[35, 31, 55]"
900,"[56, 46, 55]"
901,"[56, 46, 55]"
902,"[56, 46, 55]"
903,"[48, 35, 47]"
904,"[16, 57, 62]"
905,"[16, 57, 62]"
906,"[16, 57, 62]"
907,"[0, 48, 56]"
908,"[60, 54, 23]"
909,"[34, 60, 53]"
910,"[34, 60, 53]"
911,"[16, 48, 56]"
912,"[64, 57, 6]"
913,"[64, 57, 6]"
914,"[65, 45, 38]"
915,"[65, 45, 38]"
916,"[57, 11, 51]"
917,"[42, 35, 55]"
918,"[0, 52, 38]"
919,"[13, 62, 31]"
920,"[17, 58, 61]"
921,"[34, 13, 38]"
922,"[40, 28, 60]"
923,"[40, 43, 37]"
924,"[20, 38, 52]"
925,"[48, 34, 39]"
926,"[48, 34, 39]"
927,"[33, 50, 60]"
928,"[57, 59, 13]"
929,"[46, 43, 62]"
930,"[5, 61, 62]"
931,"[47, 38, 39]"
932,"[47, 38, 39]"
933,"[53, 62, 30]"
934,"[58, 45, 61]"
935,"[48, 18, 55]"
936,"[48, 18, 55]"
937,"[8, 65, 62]"
938,"[60, 21, 62]"
939,"[40, 19, 30]"
940,"[56, 17, 62]"
941,"[48, 60, 20]"
942,"[27, 59, 52]"
943,"[42, 52, 39]"
944,"[42, 52, 39]"
945,"[42, 52, 39]"
946,"[60, 37, 54]"
947,"[40, 58, 28]"
948,"[40, 58, 28]"
949,"[40, 61, 46]"
950,"[40, 61, 46]"
951,"[40, 61, 46]"
952,"[40, 61, 46]"
953,"[28, 54, 52]"
954,"[49, 61, 22]"
955,"[56, 42, 19]"
956,"[56, 42, 19]"
957,"[32, 33, 58]"
958,"[25, 59, 57]"
959,"[48, 61, 46]"
960,"[59, 38, 22]"
961,"[56, 50, 58]"
962,"[56, 50, 58]"
963,"[33, 13, 54]"
964,"[33, 59, 39]"
965,"[25, 39, 57]"
966,"[16, 19, 52]"
967,"[56, 17, 55]"
968,"[56, 27, 54]"
969,"[24, 52, 39]"
970,"[58, 27, 13]"
971,"[40, 11, 52]"
972,"[58, 27, 13]"
973,"[56, 17, 61]"
974,"[40, 34, 39]"
975,"[40, 34, 39]"
976,"[57, 26, 61]"
977,"[33, 36, 55]"
978,"[32, 57, 60]"
979,"[25, 61, 29]"
980,"[19, 59, 22]"
981,"[56, 49, 19]"
982,"[13, 54, 22]"
983,"[58, 30, 47]"
984,"[57, 59, 39]"
985,"[49, 58, 13]"
986,"[27, 35, 61]"
987,"[43, 29, 54]"
988,"[43, 29, 54]"
989,"[33, 59, 54]"
990,"[33, 59, 54]"
991,"[33, 59, 54]"
992,"[57, 37, 54]"
993,"[27, 61, 22]"
994,"[48, 59, 39]"
995,"[19, 61, 23]"
996,"[0, 58, 43]"
997,"[47, 54, 22]"
998,"[37, 61, 22]"
999,"[40, 13, 54]"
1000,"[56, 26, 58]"
1001,"[37, 22, 55]"
1002,"[37, 22, 55]"
1003,"[56, 37, 38]"
1004,"[40, 48, 44]"
1005,"[48, 40, 44]"
1006,"[56, 27, 19]"
1007,"[48, 24, 19]"
1008,"[24, 48, 19]"
1009,"[40, 29, 47]"
1010,"[24, 58, 13]"
1011,"[17, 43, 61]"
1012,"[40, 33, 15]"
1013,"[35, 53, 62]"
1014,"[33, 18, 55]"
1015,"[40, 50, 60]"
1016,"[40, 50, 58]"
1017,"[33, 54, 49]"
1018,"[57, 45, 61]"
1019,"[33, 13, 30]"
1020,"[57, 19, 49]"
1021,"[56, 59, 13]"
1022,"[56, 59, 13]"
1023,"[56, 59, 13]"
1024,"[56, 59, 13]"
1025,"[48, 33, 44]"
1026,"[48, 33, 44]"
1027,"[40, 46, 55]"
1028,"[40, 46, 55]"
1029,"[0, 54, 55]"
1030,"[16, 38, 62]"
1031,"[16, 38, 62]"
1032,"[16, 62, 38]"
1033,"[32, 58, 56]"
1034,"[17, 52, 33]"
1035,"[33, 19, 37]"
1036,"[33, 19, 37]"
1037,"[25, 27, 52]"
1038,"[41, 52, 54]"
1039,"[25, 58, 59]"
1040,"[25, 58, 59]"
1041,"[33, 42, 22]"
1042,"[34, 54, 22]"
1043,"[38, 44, 62]"
1044,"[48, 41, 60]"
1045,"[25, 42, 57]"
1046,"[49, 60, 13]"
1047,"[60, 30, 47]"
1048,"[43, 54, 31]"
1049,"[25, 34, 57]"
1050,"[25, 34, 57]"
1051,"[25, 34, 57]"
1052,"[39, 38, 22]"
1053,"[38, 22, 39]"
1054,"[27, 22, 55]"
1055,"[27, 22, 55]"
1056,"[49, 35, 61]"
1057,"[40, 54, 30]"
1058,"[56, 60, 46]"
1059,"[24, 57, 13]"
1060,"[60, 53, 54]"
1061,"[53, 38, 47]"
1062,"[53, 38, 47]"
1063,"[53, 38, 47]"
1064,"[53, 38, 47]"
1065,"[58, 19, 23]"
1066,"[58, 19, 23]"
1067,"[58, 19, 23]"
1068,"[48, 50, 60]"
1069,"[48, 29, 47]"
1070,"[48, 29, 47]"
1071,"[48, 41, 57]"
1072,"[48, 57, 41]"
1073,"[56, 45, 62]"
1074,"[59, 23, 63]"
1075,"[59, 23, 63]"
1076,"[56, 53, 54]"
1077,"[0, 57, 60]"
1078,"[16, 54, 62]"
1079,"[40, 35, 39]"
1080,"[58, 59, 13]"
1081,"[58, 59, 13]"
1082,"[58, 59, 13]"
1083,"[24, 60, 13]"
1084,"[19, 59, 54]"
1085,"[28, 54, 55]"
1086,"[56, 33, 28]"
1087,"[57, 30, 47]"
1088,"[57, 30, 47]"
1089,"[2, 51, 58]"
1090,"[56, 34, 35]"
1091,"[33, 45, 61]"
1092,"[19, 13, 39]"
1093,"[19, 13, 39]"
1094,"[25, 19, 13]"
1095,"[25, 19, 13]"
1096,"[56, 19, 37]"
1097,"[56, 19, 37]"
1098,"[48, 25, 53]"
1099,"[34, 38, 47]"
1100,"[43, 53, 54]"
1101,"[48, 42, 47]"
1102,"[48, 42, 47]"
1103,"[40, 0, 48]"
1104,"[40, 0, 48]"
1105,"[40, 34, 35]"
1106,"[40, 34, 35]"
1107,"[24, 56, 19]"
1108,"[40, 26, 55]"
1109,"[43, 46, 55]"
1110,"[33, 34, 35]"
1111,"[33, 34, 35]"
1112,"[33, 35, 54]"
1113,"[33, 35, 54]"
1114,"[35, 54, 47]"
1115,"[48, 26, 60]"
1116,"[48, 26, 60]"
1117,"[33, 34, 59]"
1118,"[33, 34, 59]"
1119,"[65, 2, 62]"
1120,"[65, 2, 62]"
1121,"[48, 37, 38]"
1122,"[33, 53, 25]"
1123,"[58, 38, 15]"
1124,"[58, 38, 15]"
1125,"[39, 54, 47]"
1126,"[16, 58, 38]"
1127,"[40, 61, 45]"
1128,"[40, 45, 61]"
1129,"[59, 62, 30]"
1130,"[40, 42, 22]"
1131,"[0, 43, 60]"
1132,"[0, 43, 60]"
1133,"[16, 57, 60]"
1134,"[48, 19, 37]"
1135,"[13, 60, 29]"
1136,"[48, 34, 53]"
1137,"[48, 34, 53]"
1138,"[48, 34, 53]"
1139,"[58, 13, 23]"
1140,"[42, 60, 13]"
1141,"[49, 59, 55]"
1142,"[57, 18, 60]"
1143,"[56, 49, 13]"
1144,"[56, 49, 13]"
1145,"[58, 27, 22]"
1146,"[42, 60, 54]"
1147,"[48, 57, 45]"
1148,"[48, 57, 45]"
1149,"[33, 29, 54]"
1150,"[33, 29, 54]"
1151,"[34, 38, 22]"
1152,"[32, 33, 48]"
1153,"[48, 33, 32]"
1154,"[32, 33, 48]"
1155,"[42, 61, 39]"
1156,"[40, 35, 54]"
1157,"[40, 35, 54]"
1158,"[40, 35, 54]"
1159,"[40, 35, 54]"
1160,"[58, 53, 30]"
1161,"[31, 47, 55]"
1162,"[19, 60, 23]"
1163,"[19, 60, 23]"
1164,"[19, 60, 23]"
1165,"[60, 29, 39]"
1166,"[16, 33, 57]"
1167,"[49, 34, 55]"
1168,"[49, 34, 55]"
1169,"[60, 62, 6]"
1170,"[56, 29, 13]"
1171,"[60, 62, 6]"
1172,"[60, 62, 6]"
1173,"[56, 12, 60]"
1174,"[40, 18, 62]"
1175,"[42, 52, 30]"
1176,"[40, 13, 30]"
1177,"[42, 19, 38]"
1178,"[13, 22, 47]"
1179,"[13, 22, 47]"
1180,"[24, 61, 39]"
1181,"[56, 43, 28]"
1182,"[48, 36, 62]"
1183,"[57, 27, 54]"
1184,"[40, 43, 15]"
1185,"[57, 45, 33]"
1186,"[56, 58, 12]"
1187,"[56, 58, 12]"
1188,"[13, 38, 30]"
1189,"[32, 33, 56]"
1190,"[45, 38, 55]"
1191,"[34, 60, 29]"
1192,"[56, 57, 20]"
1193,"[40, 18, 61]"
1194,"[51, 59, 31]"
1195,"[40, 26, 61]"
1196,"[40, 26, 61]"
1197,"[59, 38, 39]"
1198,"[59, 38, 39]"
1199,"[59, 38, 39]"
1200,"[58, 44, 38]"
1201,"[58, 44, 38]"
1202,"[24, 58, 22]"
1203,"[19, 38, 30]"
1204,"[19, 38, 30]"
1205,"[40, 19, 37]"
1206,"[0, 19, 55]"
1207,"[33, 18, 62]"
1208,"[34, 19, 13]"
1209,"[34, 19, 13]"
1210,"[34, 19, 13]"
1211,"[34, 19, 13]"
1212,"[34, 19, 13]"
1213,"[58, 35, 53]"
1214,"[40, 25, 34]"
1215,"[60, 53, 30]"
1216,"[60, 53, 30]"
1217,"[0, 62, 54]"
1218,"[0, 54, 62]"
1219,"[59, 54, 22]"
1220,"[48, 35, 39]"
1221,"[48, 35, 39]"
1222,"[19, 52, 15]"
1223,"[19, 52, 15]"
1224,"[19, 52, 15]"
1225,"[19, 52, 15]"
1226,"[35, 58, 59]"
1227,"[17, 60, 57]"
1228,"[57, 19, 23]"
1229,"[58, 43, 46]"
1230,"[57, 42, 35]"
1231,"[57, 42, 35]"
1232,"[57, 42, 35]"
1233,"[48, 25, 34]"
1234,"[56, 52, 21]"
1235,"[65, 45, 54]"
1236,"[65, 45, 54]"
1237,"[35, 61, 31]"
1238,"[58, 42, 13]"
1239,"[25, 58, 42]"
1240,"[25, 42, 58]"
1241,"[31, 62, 47]"
1242,"[40, 25, 53]"
1243,"[57, 53, 39]"
1244,"[58, 13, 31]"
1245,"[58, 13, 31]"
1246,"[0, 13, 63]"
1247,"[48, 34, 35]"
1248,"[12, 61, 38]"
1249,"[53, 29, 62]"
1250,"[0, 61, 38]"
1251,"[48, 22, 31]"
1252,"[48, 29, 54]"
1253,"[48, 40, 28]"
1254,"[48, 40, 28]"
1255,"[48, 40, 28]"
1256,"[40, 48, 28]"
1257,"[58, 62, 6]"
1258,"[16, 35, 52]"
1259,"[40, 54, 31]"
1260,"[40, 54, 31]"
1261,"[48, 21, 62]"
1262,"[54, 28, 62]"
1263,"[58, 61, 6]"
1264,"[48, 25, 35]"
1265,"[48, 25, 35]"
1266,"[38, 50, 62]"
1267,"[59, 23, 55]"
1268,"[48, 53, 39]"
1269,"[40, 22, 31]"
1270,"[48, 57, 32]"
1271,"[32, 58, 40]"
1272,"[58, 35, 31]"
1273,"[38, 29, 54]"
1274,"[40, 59, 54]"
1275,"[32, 33, 57]"
1276,"[49, 13, 57]"
1277,"[49, 13, 57]"
1278,"[54, 38, 31]"
1279,"[56, 35, 53]"
1280,"[42, 60, 34]"
1281,"[48, 33, 41]"
1282,"[57, 34, 29]"
1283,"[57, 34, 29]"
1284,"[33, 11, 61]"
1285,"[40, 49, 54]"
1286,"[52, 28, 38]"
1287,"[54, 49, 38]"
1288,"[24, 33, 54]"
1289,"[24, 33, 54]"
1290,"[24, 33, 54]"
1291,"[2, 52, 62]"
1292,"[2, 52, 62]"
1293,"[40, 29, 54]"
1294,"[40, 29, 54]"
1295,"[40, 29, 54]"
1296,"[59, 35, 60]"
1297,"[24, 58, 35]"
1298,"[48, 33, 45]"
1299,"[48, 33, 45]"
1300,"[48, 33, 45]"
1301,"[24, 19, 38]"
1302,"[0, 38, 62]"
1303,"[0, 38, 62]"
1304,"[40, 57, 46]"
1305,"[49, 22, 33]"
1306,"[33, 22, 49]"
1307,"[57, 50, 62]"
1308,"[44, 13, 52]"
1309,"[34, 19, 22]"
1310,"[16, 57, 48]"
1311,"[16, 57, 48]"
1312,"[40, 34, 53]"
1313,"[40, 34, 53]"
1314,"[34, 38, 39]"
1315,"[40, 57, 20]"
1316,"[29, 38, 47]"
1317,"[29, 38, 47]"
1318,"[29, 38, 47]"
1319,"[0, 33, 43]"
1320,"[19, 53, 47]"
1321,"[19, 53, 47]"
1322,"[57, 27, 13]"
1323,"[43, 60, 46]"
1324,"[56, 34, 59]"
1325,"[56, 34, 59]"
1326,"[56, 34, 59]"
1327,"[56, 34, 59]"
1328,"[56, 34, 59]"
1329,"[35, 23, 55]"
1330,"[33, 37, 54]"
1331,"[48, 57, 46]"
1332,"[48, 57, 46]"
1333,"[33, 26, 60]"
1334,"[19, 27, 38]"
1335,"[19, 27, 38]"
1336,"[19, 27, 38]"
1337,"[48, 33, 50]"
1338,"[57, 34, 42]"
1339,"[57, 42, 34]"
1340,"[57, 42, 34]"
1341,"[48, 57, 0]"
1342,"[56, 37, 22]"
1343,"[42, 38, 47]"
1344,"[42, 38, 47]"
1345,"[42, 38, 47]"
1346,"[40, 11, 61]"
1347,"[40, 48, 45]"
1348,"[40, 48, 45]"
1349,"[48, 40, 45]"
1350,"[40, 48, 45]"
1351,"[40, 48, 45]"
1352,"[32, 48, 43]"
1353,"[39, 13, 47]"
1354,"[24, 59, 61]"
1355,"[16, 33, 38]"
1356,"[49, 19, 38]"
1357,"[2, 61, 55]"
1358,"[2, 61, 55]"
1359,"[57, 11, 61]"
1360,"[0, 57, 40]"
1361,"[53, 38, 22]"
1362,"[25, 19, 35]"
1363,"[49, 30, 55]"
1364,"[35, 22, 47]"
1365,"[27, 52, 53]"
1366,"[48, 57, 26]"
1367,"[40, 34, 59]"
1368,"[40, 34, 59]"
1369,"[33, 11, 62]"
1370,"[48, 37, 54]"
1371,"[0, 19, 61]"
1372,"[0, 19, 61]"
1373,"[34, 13, 47]"
1374,"[25, 42, 33]"
1375,"[24, 57, 47]"
1376,"[56, 21, 55]"
1377,"[56, 21, 55]"
1378,"[58, 34, 30]"
1379,"[35, 60, 53]"
1380,"[35, 60, 53]"
1381,"[34, 13, 54]"
1382,"[34, 13, 54]"
1383,"[54, 41, 62]"
1384,"[24, 57, 22]"
1385,"[19, 28, 52]"
1386,"[38, 45, 62]"
1387,"[38, 45, 62]"
1388,"[24, 57, 35]"
1389,"[41, 38, 57]"
1390,"[42, 60, 39]"
1391,"[1, 60, 61]"
1392,"[59, 61, 23]"
1393,"[16, 60, 54]"
1394,"[16, 60, 54]"
1395,"[19, 54, 30]"
1396,"[56, 49, 35]"
1397,"[40, 33, 28]"
1398,"[40, 33, 28]"
1399,"[56, 45, 61]"
1400,"[56, 45, 61]"
1401,"[38, 27, 54]"
1402,"[54, 27, 38]"
1403,"[56, 35, 27]"
1404,"[24, 60, 39]"
1405,"[16, 35, 55]"
1406,"[56, 34, 53]"
1407,"[56, 34, 53]"
1408,"[17, 62, 33]"
1409,"[13, 54, 39]"
1410,"[40, 0, 43]"
1411,"[0, 40, 43]"
1412,"[0, 40, 43]"
1413,"[40, 0, 43]"
1414,"[34, 59, 38]"
1415,"[34, 42, 58]"
1416,"[41, 19, 61]"
1417,"[42, 52, 53]"
1418,"[42, 35, 60]"
1419,"[42, 35, 60]"
1420,"[17, 33, 55]"
1421,"[25, 13, 22]"
1422,"[59, 13, 38]"
1423,"[59, 13, 38]"
1424,"[43, 37, 54]"
1425,"[43, 37, 54]"
1426,"[43, 37, 54]"
1427,"[25, 31, 55]"
1428,"[49, 13, 33]"
1429,"[33, 13, 49]"
1430,"[42, 62, 30]"
1431,"[35, 61, 23]"
1432,"[35, 61, 23]"
1433,"[16, 58, 19]"
1434,"[16, 58, 19]"
1435,"[16, 58, 19]"
1436,"[40, 53, 39]"
1437,"[25, 54, 39]"
1438,"[56, 49, 25]"
1439,"[0, 58, 38]"
1440,"[0, 58, 38]"
1441,"[0, 58, 38]"
1442,"[0, 58, 38]"
1443,"[0, 58, 38]"
1444,"[41, 19, 62]"
1445,"[41, 19, 62]"
1446,"[41, 19, 62]"
1447,"[48, 50, 40]"
1448,"[48, 50, 40]"
1449,"[40, 48, 50]"
1450,"[40, 48, 50]"
1451,"[59, 60, 30]"
1452,"[59, 60, 30]"
1453,"[59, 60, 30]"
1454,"[59, 60, 30]"
1455,"[58, 27, 47]"
1456,"[40, 33, 45]"
1457,"[26, 43, 58]"
1458,"[34, 19, 47]"
1459,"[19, 53, 22]"
1460,"[40, 27, 13]"
1461,"[40, 27, 13]"
1462,"[40, 27, 13]"
1463,"[56, 44, 38]"
1464,"[56, 44, 38]"
1465,"[25, 43, 13]"
1466,"[25, 43, 13]"
1467,"[56, 57, 26]"
1468,"[33, 22, 30]"
1469,"[57, 34, 30]"
1470,"[48, 49, 13]"
1471,"[48, 49, 13]"
1472,"[32, 48, 40]"
1473,"[24, 35, 60]"
1474,"[57, 43, 44]"
1475,"[19, 12, 61]"
1476,"[19, 12, 61]"
1477,"[29, 62, 30]"
1478,"[48, 37, 22]"
1479,"[32, 56, 43]"
1480,"[40, 33, 46]"
1481,"[40, 33, 46]"
1482,"[48, 58, 36]"
1483,"[26, 19, 52]"
1484,"[48, 24, 13]"
1485,"[40, 49, 22]"
1486,"[16, 56, 38]"
1487,"[19, 59, 39]"
1488,"[50, 60, 38]"
1489,"[29, 60, 53]"
1490,"[33, 37, 22]"
1491,"[58, 59, 53]"
1492,"[58, 59, 53]"
1493,"[49, 25, 57]"
1494,"[25, 19, 22]"
1495,"[56, 35, 29]"
1496,"[56, 35, 29]"
1497,"[35, 38, 30]"
1498,"[35, 38, 30]"
1499,"[32, 56, 40]"
1500,"[40, 37, 54]"
1501,"[40, 37, 54]"
1502,"[40, 37, 54]"
1503,"[33, 27, 13]"
1504,"[58, 5, 61]"
1505,"[58, 5, 61]"
1506,"[32, 54, 62]"
1507,"[32, 54, 62]"
1508,"[32, 19, 62]"
1509,"[49, 19, 54]"
1510,"[49, 19, 54]"
1511,"[49, 19, 54]"
1512,"[33, 34, 29]"
1513,"[13, 53, 38]"
1514,"[13, 53, 38]"
1515,"[34, 54, 39]"
1516,"[33, 59, 13]"
1517,"[38, 17, 62]"
1518,"[45, 54, 55]"
1519,"[48, 57, 18]"
1520,"[48, 57, 18]"
1521,"[56, 59, 53]"
1522,"[56, 59, 53]"
1523,"[19, 29, 47]"
1524,"[19, 29, 47]"
1525,"[48, 11, 61]"
1526,"[16, 59, 52]"
1527,"[42, 38, 22]"
1528,"[40, 35, 30]"
1529,"[42, 58, 39]"
1530,"[42, 58, 39]"
1531,"[42, 58, 39]"
1532,"[49, 58, 59]"
1533,"[49, 61, 30]"
1534,"[24, 33, 13]"
1535,"[24, 33, 13]"
1536,"[0, 60, 38]"
1537,"[56, 17, 60]"
1538,"[58, 50, 38]"
1539,"[50, 58, 38]"
1540,"[33, 13, 31]"
1541,"[35, 37, 55]"
1542,"[35, 37, 55]"
1543,"[60, 28, 54]"
1544,"[19, 28, 55]"
1545,"[0, 13, 61]"
1546,"[40, 33, 32]"
1547,"[40, 33, 32]"
1548,"[26, 43, 60]"
1549,"[19, 51, 31]"
1550,"[51, 19, 31]"
1551,"[13, 62, 15]"
1552,"[33, 42, 13]"
1553,"[33, 42, 13]"
1554,"[25, 19, 43]"
1555,"[33, 13, 29]"
1556,"[38, 28, 62]"
1557,"[38, 28, 62]"
1558,"[35, 62, 23]"
1559,"[35, 62, 23]"
1560,"[48, 13, 53]"
1561,"[48, 13, 53]"
1562,"[48, 13, 53]"
1563,"[56, 2, 51]"
1564,"[40, 43, 45]"
1565,"[59, 19, 13]"
1566,"[19, 59, 13]"
1567,"[19, 59, 13]"
1568,"[32, 33, 38]"
1569,"[56, 33, 45]"
1570,"[40, 37, 22]"
1571,"[25, 27, 60]"
1572,"[24, 42, 52]"
1573,"[35, 39, 47]"
1574,"[35, 39, 47]"
1575,"[35, 39, 47]"
1576,"[29, 54, 22]"
1577,"[48, 34, 29]"
1578,"[48, 34, 29]"
1579,"[33, 34, 42]"
1580,"[19, 61, 15]"
1581,"[19, 61, 15]"
1582,"[33, 53, 13]"
1583,"[40, 43, 44]"
1584,"[40, 43, 44]"
1585,"[49, 53, 62]"
1586,"[34, 43, 29]"
1587,"[34, 43, 29]"
1588,"[42, 19, 47]"
1589,"[42, 19, 47]"
1590,"[40, 17, 52]"
1591,"[35, 54, 39]"
1592,"[35, 54, 39]"
1593,"[42, 13, 38]"
1594,"[42, 13, 38]"
1595,"[59, 35, 38]"
1596,"[59, 35, 38]"
1597,"[35, 59, 38]"
1598,"[27, 19, 54]"
1599,"[24, 56, 39]"
1600,"[56, 2, 52]"
1601,"[16, 33, 54]"
1602,"[16, 33, 54]"
1603,"[28, 13, 55]"
1604,"[28, 13, 55]"
1605,"[28, 13, 55]"
1606,"[20, 13, 55]"
1607,"[57, 27, 22]"
1608,"[61, 14, 55]"
1609,"[61, 14, 55]"
1610,"[61, 14, 55]"
1611,"[61, 14, 55]"
1612,"[0, 13, 62]"
1613,"[16, 60, 13]"
1614,"[27, 13, 38]"
1615,"[25, 13, 39]"
1616,"[25, 13, 39]"
1617,"[25, 13, 39]"
1618,"[48, 25, 29]"
1619,"[40, 34, 29]"
1620,"[40, 34, 29]"
1621,"[24, 59, 60]"
1622,"[24, 59, 60]"
1623,"[24, 59, 60]"
1624,"[24, 59, 60]"
1625,"[48, 42, 34]"
1626,"[34, 35, 54]"
1627,"[40, 13, 31]"
1628,"[40, 13, 31]"
1629,"[40, 13, 31]"
1630,"[29, 54, 47]"
1631,"[29, 54, 47]"
1632,"[27, 52, 30]"
1633,"[34, 37, 55]"
1634,"[34, 37, 55]"
1635,"[47, 38, 30]"
1636,"[38, 30, 47]"
1637,"[56, 29, 53]"
1638,"[34, 37, 61]"
1639,"[48, 13, 31]"
1640,"[0, 35, 63]"
1641,"[56, 41, 38]"
1642,"[56, 41, 38]"
1643,"[56, 41, 38]"
1644,"[39, 38, 30]"
1645,"[48, 33, 26]"
1646,"[48, 33, 26]"
1647,"[48, 33, 26]"
1648,"[48, 33, 26]"
1649,"[48, 33, 26]"
1650,"[56, 27, 59]"
1651,"[57, 26, 33]"
1652,"[24, 48, 39]"
1653,"[24, 48, 39]"
1654,"[52, 39, 23]"
1655,"[23, 63, 39]"
1656,"[48, 36, 60]"
1657,"[19, 44, 61]"
1658,"[13, 29, 38]"
1659,"[16, 33, 19]"
1660,"[59, 60, 31]"
1661,"[49, 34, 33]"
1662,"[33, 34, 49]"
1663,"[57, 42, 39]"
1664,"[57, 42, 39]"
1665,"[57, 28, 54]"
1666,"[53, 62, 31]"
1667,"[32, 56, 38]"
1668,"[33, 36, 60]"
1669,"[48, 29, 13]"
1670,"[48, 13, 29]"
1671,"[24, 19, 43]"
1672,"[40, 16, 54]"
1673,"[34, 35, 47]"
1674,"[34, 35, 47]"
1675,"[34, 35, 47]"
1676,"[34, 35, 47]"
1677,"[57, 47, 49]"
1678,"[40, 42, 13]"
1679,"[41, 60, 54]"
1680,"[32, 40, 43]"
1681,"[32, 40, 43]"
1682,"[27, 53, 55]"
1683,"[40, 26, 56]"
1684,"[56, 26, 40]"
1685,"[59, 60, 23]"
1686,"[59, 60, 23]"
1687,"[13, 38, 31]"
1688,"[40, 48, 26]"
1689,"[40, 26, 48]"
1690,"[48, 26, 40]"
1691,"[17, 52, 22]"
1692,"[19, 28, 62]"
1693,"[56, 13, 31]"
1694,"[45, 61, 38]"
1695,"[25, 42, 38]"
1696,"[33, 59, 30]"
1697,"[5, 60, 61]"
1698,"[49, 58, 30]"
1699,"[34, 27, 60]"
1700,"[59, 22, 39]"
1701,"[40, 42, 54]"
1702,"[40, 13, 53]"
1703,"[40, 53, 13]"
1704,"[59, 13, 47]"
1705,"[58, 19, 15]"
1706,"[44, 13, 62]"
1707,"[56, 0, 38]"
1708,"[57, 59, 23]"
1709,"[24, 40, 39]"
1710,"[40, 42, 34]"
1711,"[40, 34, 42]"
1712,"[40, 18, 60]"
1713,"[54, 45, 62]"
1714,"[48, 37, 13]"
1715,"[40, 61, 6]"
1716,"[40, 43, 46]"
1717,"[32, 61, 13]"
1718,"[32, 13, 61]"
1719,"[54, 50, 62]"
1720,"[48, 47, 31]"
1721,"[48, 31, 47]"
1722,"[48, 31, 47]"
1723,"[25, 19, 53]"
1724,"[31, 29, 55]"
1725,"[0, 47, 63]"
1726,"[24, 19, 54]"
1727,"[24, 19, 54]"
1728,"[33, 27, 47]"
1729,"[48, 18, 60]"
1730,"[48, 18, 60]"
1731,"[32, 57, 38]"
1732,"[24, 58, 34]"
1733,"[59, 47, 39]"
1734,"[59, 47, 39]"
1735,"[59, 47, 39]"
1736,"[49, 60, 30]"
1737,"[41, 54, 57]"
1738,"[33, 18, 60]"
1739,"[40, 59, 13]"
1740,"[40, 59, 13]"
1741,"[24, 38, 47]"
1742,"[34, 19, 39]"
1743,"[8, 61, 55]"
1744,"[8, 61, 55]"
1745,"[42, 60, 30]"
1746,"[42, 60, 30]"
1747,"[40, 34, 30]"
1748,"[40, 34, 30]"
1749,"[40, 34, 30]"
1750,"[41, 52, 13]"
1751,"[13, 54, 30]"
1752,"[60, 29, 30]"
1753,"[57, 19, 12]"
1754,"[48, 16, 54]"
1755,"[31, 55, 39]"
1756,"[48, 41, 38]"
1757,"[48, 41, 38]"
1758,"[43, 62, 30]"
1759,"[56, 35, 31]"
1760,"[25, 37, 55]"
1761,"[19, 37, 54]"
1762,"[19, 37, 54]"
1763,"[19, 37, 54]"
1764,"[19, 20, 62]"
1765,"[33, 35, 49]"
1766,"[48, 59, 53]"
1767,"[16, 58, 35]"
1768,"[24, 34, 60]"
1769,"[24, 34, 60]"
1770,"[24, 34, 60]"
1771,"[48, 27, 47]"
1772,"[34, 59, 22]"
1773,"[34, 59, 22]"
1774,"[34, 59, 22]"
1775,"[19, 28, 61]"
1776,"[11, 52, 38]"
1777,"[35, 38, 31]"
1778,"[33, 62, 6]"
1779,"[49, 59, 57]"
1780,"[33, 61, 6]"
1781,"[33, 61, 6]"
1782,"[56, 34, 29]"
1783,"[19, 62, 31]"
1784,"[19, 62, 31]"
1785,"[49, 61, 29]"
1786,"[32, 60, 54]"
1787,"[40, 58, 11]"
1788,"[49, 60, 53]"
1789,"[49, 60, 53]"
1790,"[57, 45, 38]"
1791,"[61, 28, 13]"
1792,"[57, 47, 31]"
1793,"[57, 31, 47]"
1794,"[57, 31, 47]"
1795,"[56, 17, 43]"
1796,"[56, 17, 43]"
1797,"[48, 49, 59]"
1798,"[24, 42, 61]"
1799,"[33, 59, 49]"
1800,"[27, 19, 13]"
1801,"[48, 26, 43]"
1802,"[32, 35, 55]"
1803,"[32, 35, 55]"
1804,"[47, 54, 30]"
1805,"[0, 58, 13]"
1806,"[48, 59, 27]"
1807,"[48, 27, 59]"
1808,"[23, 29, 63]"
1809,"[25, 61, 37]"
1810,"[24, 43, 13]"
1811,"[56, 25, 27]"
1812,"[53, 54, 47]"
1813,"[53, 54, 47]"
1814,"[43, 37, 22]"
1815,"[13, 19, 29]"
1816,"[26, 19, 62]"
1817,"[33, 50, 57]"
1818,"[33, 35, 53]"
1819,"[0, 33, 19]"
1820,"[29, 62, 31]"
1821,"[25, 61, 31]"
1822,"[25, 61, 31]"
1823,"[0, 40, 38]"
1824,"[0, 40, 38]"
1825,"[0, 40, 38]"
1826,"[48, 25, 27]"
1827,"[48, 25, 27]"
1828,"[57, 35, 37]"
1829,"[42, 19, 13]"
1830,"[42, 19, 13]"
1831,"[42, 19, 13]"
1832,"[48, 45, 38]"
1833,"[27, 43, 59]"
1834,"[59, 44, 52]"
1835,"[49, 34, 57]"
1836,"[29, 38, 39]"
1837,"[25, 58, 31]"
1838,"[47, 22, 39]"
1839,"[39, 22, 47]"
1840,"[57, 27, 59]"
1841,"[25, 19, 59]"
1842,"[52, 21, 38]"
1843,"[23, 55, 39]"
1844,"[35, 60, 23]"
1845,"[35, 60, 23]"
1846,"[42, 27, 61]"
1847,"[35, 28, 55]"
1848,"[56, 50, 38]"
1849,"[48, 16, 19]"
1850,"[25, 43, 39]"
1851,"[49, 19, 13]"
1852,"[42, 27, 55]"
1853,"[42, 35, 38]"
1854,"[34, 19, 53]"
1855,"[0, 35, 55]"
1856,"[33, 42, 35]"
1857,"[34, 51, 31]"
1858,"[39, 62, 31]"
1859,"[31, 62, 39]"
1860,"[57, 26, 43]"
1861,"[34, 60, 37]"
1862,"[16, 57, 38]"
1863,"[32, 40, 38]"
1864,"[48, 57, 21]"
1865,"[48, 57, 21]"
1866,"[19, 35, 53]"
1867,"[56, 57, 50]"
1868,"[56, 57, 50]"
1869,"[56, 11, 60]"
1870,"[58, 59, 31]"
1871,"[58, 59, 31]"
1872,"[58, 59, 31]"
1873,"[58, 59, 31]"
1874,"[54, 22, 31]"
1875,"[19, 60, 15]"
1876,"[56, 35, 37]"
1877,"[48, 57, 50]"
1878,"[62, 18, 38]"
1879,"[38, 18, 62]"
1880,"[13, 53, 47]"
1881,"[40, 41, 43]"
1882,"[17, 19, 52]"
1883,"[13, 30, 47]"
1884,"[13, 30, 47]"
1885,"[13, 30, 47]"
1886,"[28, 52, 22]"
1887,"[48, 60, 21]"
1888,"[56, 26, 43]"
1889,"[56, 26, 43]"
1890,"[58, 44, 13]"
1891,"[48, 34, 27]"
1892,"[48, 35, 53]"
1893,"[60, 45, 54]"
1894,"[34, 59, 47]"
1895,"[58, 27, 53]"
1896,"[58, 27, 53]"
1897,"[35, 60, 37]"
1898,"[52, 22, 15]"
1899,"[24, 33, 35]"
1900,"[48, 35, 31]"
1901,"[35, 27, 38]"
1902,"[35, 59, 22]"
1903,"[19, 28, 60]"
1904,"[57, 13, 15]"
1905,"[57, 13, 15]"
1906,"[48, 0, 54]"
1907,"[0, 48, 54]"
1908,"[49, 54, 22]"
1909,"[49, 54, 22]"
1910,"[40, 34, 27]"
1911,"[0, 40, 19]"
1912,"[0, 40, 19]"
1913,"[65, 19, 45]"
1914,"[65, 19, 45]"
1915,"[35, 59, 47]"
1916,"[35, 59, 47]"
1917,"[39, 54, 30]"
1918,"[54, 30, 39]"
1919,"[0, 55, 47]"
1920,"[0, 55, 47]"
1921,"[59, 53, 38]"
1922,"[53, 54, 22]"
1923,"[53, 54, 22]"
1924,"[16, 56, 19]"
1925,"[16, 56, 19]"
1926,"[49, 30, 33]"
1927,"[2, 58, 61]"
1928,"[42, 13, 47]"
1929,"[42, 13, 47]"
1930,"[33, 35, 29]"
1931,"[33, 35, 29]"
1932,"[0, 35, 61]"
1933,"[13, 29, 22]"
1934,"[13, 29, 22]"
1935,"[49, 35, 38]"
1936,"[57, 19, 15]"
1937,"[43, 60, 30]"
1938,"[49, 38, 22]"
1939,"[57, 12, 47]"
1940,"[57, 12, 47]"
1941,"[48, 28, 54]"
1942,"[48, 28, 54]"
1943,"[40, 42, 35]"
1944,"[40, 42, 35]"
1945,"[40, 42, 35]"
1946,"[40, 35, 59]"
1947,"[24, 58, 53]"
1948,"[24, 58, 53]"
1949,"[24, 58, 53]"
1950,"[52, 53, 23]"
1951,"[56, 61, 6]"
1952,"[57, 27, 47]"
1953,"[57, 27, 47]"
1954,"[25, 35, 39]"
1955,"[25, 35, 39]"
1956,"[25, 35, 39]"
1957,"[57, 28, 38]"
1958,"[39, 37, 55]"
1959,"[48, 59, 23]"
1960,"[34, 29, 38]"
1961,"[34, 29, 38]"
1962,"[40, 0, 54]"
1963,"[40, 0, 54]"
1964,"[19, 30, 47]"
1965,"[33, 59, 23]"
1966,"[42, 51, 31]"
1967,"[42, 51, 31]"
1968,"[60, 13, 15]"
1969,"[27, 60, 53]"
1970,"[23, 53, 63]"
1971,"[57, 59, 31]"
1972,"[57, 59, 31]"
1973,"[48, 24, 35]"
1974,"[24, 48, 35]"
1975,"[42, 13, 22]"
1976,"[24, 48, 35]"
1977,"[40, 17, 61]"
1978,"[13, 29, 47]"
1979,"[13, 29, 47]"
1980,"[13, 29, 47]"
1981,"[56, 49, 53]"
1982,"[53, 22, 47]"
1983,"[19, 61, 46]"
1984,"[56, 20, 38]"
1985,"[23, 29, 55]"
1986,"[3, 63, 55]"
1987,"[42, 52, 31]"
1988,"[24, 60, 53]"
1989,"[33, 5, 55]"
1990,"[58, 59, 37]"
1991,"[45, 61, 54]"
1992,"[56, 41, 54]"
1993,"[42, 38, 39]"
1994,"[35, 44, 55]"
1995,"[33, 59, 31]"
1996,"[50, 58, 54]"
1997,"[29, 22, 47]"
1998,"[37, 53, 55]"
1999,"[42, 54, 22]"
2000,"[19, 46, 55]"
2001,"[42, 54, 22]"
2002,"[42, 54, 22]"
2003,"[35, 28, 61]"
2004,"[62, 36, 38]"
2005,"[13, 38, 23]"
2006,"[48, 16, 13]"
2007,"[47, 38, 31]"
2008,"[31, 38, 47]"
2009,"[31, 38, 47]"
2010,"[30, 38, 22]"
2011,"[60, 29, 31]"
2012,"[25, 53, 47]"
2013,"[25, 53, 47]"
2014,"[56, 12, 47]"
2015,"[56, 31, 47]"
2016,"[62, 38, 46]"
2017,"[62, 38, 46]"
2018,"[46, 38, 62]"
2019,"[13, 53, 22]"
2020,"[40, 33, 26]"
2021,"[30, 54, 22]"
2022,"[30, 54, 22]"
2023,"[50, 60, 54]"
2024,"[50, 60, 54]"
2025,"[56, 0, 13]"
2026,"[0, 56, 13]"
2027,"[56, 5, 55]"
2028,"[56, 5, 55]"
2029,"[59, 60, 37]"
2030,"[52, 23, 47]"
2031,"[57, 34, 37]"
2032,"[28, 62, 47]"
2033,"[28, 62, 47]"
2034,"[28, 62, 47]"
2035,"[58, 19, 31]"
2036,"[58, 19, 31]"
2037,"[58, 19, 31]"
2038,"[58, 19, 31]"
2039,"[27, 38, 22]"
2040,"[27, 38, 22]"
2041,"[27, 38, 22]"
2042,"[53, 37, 62]"
2043,"[34, 47, 39]"
2044,"[34, 39, 47]"
2045,"[0, 61, 47]"
2046,"[32, 33, 19]"
2047,"[59, 38, 30]"
2048,"[57, 58, 6]"
2049,"[23, 63, 47]"
2050,"[40, 27, 59]"
2051,"[42, 23, 63]"
2052,"[58, 19, 50]"
2053,"[50, 19, 58]"
2054,"[32, 61, 22]"
2055,"[58, 19, 20]"
2056,"[37, 19, 13]"
2057,"[34, 55, 31]"
2058,"[34, 31, 55]"
2059,"[29, 27, 61]"
2060,"[46, 13, 62]"
2061,"[13, 37, 38]"
2062,"[40, 24, 34]"
2063,"[50, 19, 60]"
2064,"[51, 45, 22]"
2065,"[48, 33, 36]"
2066,"[48, 33, 36]"
2067,"[31, 62, 30]"
2068,"[28, 61, 47]"
2069,"[40, 5, 61]"
2070,"[42, 52, 23]"
2071,"[24, 33, 34]"
2072,"[24, 33, 34]"
2073,"[56, 35, 13]"
2074,"[48, 25, 31]"
2075,"[24, 27, 52]"
2076,"[24, 27, 52]"
2077,"[40, 54, 15]"
2078,"[40, 33, 36]"
2079,"[19, 27, 22]"
2080,"[26, 19, 58]"
2081,"[56, 28, 38]"
2082,"[33, 26, 43]"
2083,"[24, 42, 60]"
2084,"[49, 54, 47]"
2085,"[57, 59, 37]"
2086,"[23, 62, 39]"
2087,"[23, 62, 39]"
2088,"[20, 54, 60]"
2089,"[34, 35, 39]"
2090,"[34, 35, 39]"
2091,"[56, 44, 13]"
2092,"[56, 44, 13]"
2093,"[34, 53, 22]"
2094,"[34, 53, 22]"
2095,"[16, 35, 60]"
2096,"[27, 29, 55]"
2097,"[27, 29, 55]"
2098,"[0, 62, 47]"
2099,"[41, 13, 62]"
2100,"[40, 41, 19]"
2101,"[58, 28, 13]"
2102,"[33, 54, 41]"
2103,"[33, 54, 41]"
2104,"[17, 61, 22]"
2105,"[57, 45, 54]"
2106,"[57, 34, 27]"
2107,"[13, 61, 46]"
2108,"[0, 43, 54]"
2109,"[19, 29, 39]"
2110,"[19, 29, 39]"
2111,"[40, 26, 43]"
2112,"[40, 26, 43]"
2113,"[48, 29, 30]"
2114,"[49, 19, 35]"
2115,"[49, 19, 35]"
2116,"[27, 54, 22]"
2117,"[27, 54, 22]"
2118,"[34, 62, 31]"
2119,"[33, 5, 61]"
2120,"[16, 56, 35]"
2121,"[28, 13, 60]"
2122,"[28, 13, 60]"
2123,"[56, 27, 53]"
2124,"[49, 54, 25]"
2125,"[34, 38, 30]"
2126,"[39, 53, 47]"
2127,"[47, 53, 39]"
2128,"[50, 13, 62]"
2129,"[50, 13, 62]"
2130,"[50, 13, 62]"
2131,"[50, 13, 62]"
2132,"[58, 29, 31]"
2133,"[32, 60, 13]"
2134,"[24, 54, 47]"
2135,"[40, 48, 18]"
2136,"[59, 19, 53]"
2137,"[19, 59, 53]"
2138,"[19, 59, 53]"
2139,"[19, 60, 20]"
2140,"[19, 60, 20]"
2141,"[25, 23, 63]"
2142,"[25, 23, 63]"
2143,"[33, 19, 44]"
2144,"[44, 52, 47]"
2145,"[58, 27, 30]"
2146,"[58, 27, 30]"
2147,"[48, 34, 37]"
2148,"[42, 27, 60]"
2149,"[58, 51, 14]"
2150,"[23, 53, 55]"
2151,"[29, 53, 38]"
2152,"[29, 53, 38]"
2153,"[11, 51, 54]"
2154,"[12, 52, 39]"
2155,"[52, 7, 55]"
2156,"[24, 57, 42]"
2157,"[35, 20, 55]"
2158,"[35, 20, 55]"
2159,"[24, 19, 47]"
2160,"[24, 19, 47]"
2161,"[43, 35, 23]"
2162,"[27, 38, 47]"
2163,"[27, 38, 47]"
2164,"[33, 53, 31]"
2165,"[65, 35, 45]"
2166,"[56, 42, 53]"
2167,"[56, 42, 53]"
2168,"[48, 57, 12]"
2169,"[48, 35, 29]"
2170,"[27, 43, 53]"
2171,"[24, 43, 22]"
2172,"[24, 43, 22]"
2173,"[24, 56, 53]"
2174,"[24, 56, 53]"
2175,"[19, 53, 30]"
2176,"[59, 27, 38]"
2177,"[56, 41, 19]"
2178,"[56, 41, 19]"
2179,"[49, 13, 54]"
2180,"[26, 19, 60]"
2181,"[33, 35, 23]"
2182,"[33, 35, 23]"
2183,"[33, 35, 23]"
2184,"[48, 11, 60]"
2185,"[48, 11, 60]"
2186,"[25, 13, 53]"
2187,"[25, 13, 53]"
2188,"[49, 19, 47]"
2189,"[19, 30, 22]"
2190,"[19, 30, 22]"
2191,"[19, 22, 30]"
2192,"[52, 5, 38]"
2193,"[40, 19, 31]"
2194,"[40, 19, 31]"
2195,"[40, 19, 31]"
2196,"[37, 61, 47]"
2197,"[23, 55, 47]"
2198,"[16, 57, 19]"
2199,"[40, 28, 54]"
2200,"[48, 19, 28]"
2201,"[48, 19, 28]"
2202,"[24, 54, 22]"
2203,"[48, 19, 44]"
2204,"[48, 19, 44]"
2205,"[38, 11, 62]"
2206,"[60, 37, 39]"
2207,"[60, 37, 39]"
2208,"[19, 45, 55]"
2209,"[0, 57, 19]"
2210,"[43, 2, 51]"
2211,"[51, 2, 43]"
2212,"[59, 13, 54]"
2213,"[48, 41, 19]"
2214,"[48, 41, 19]"
2215,"[43, 59, 23]"
2216,"[24, 59, 38]"
2217,"[34, 53, 54]"
2218,"[34, 53, 54]"
2219,"[32, 58, 13]"
2220,"[32, 58, 13]"
2221,"[57, 12, 22]"
2222,"[57, 12, 22]"
2223,"[57, 12, 22]"
2224,"[17, 58, 38]"
2225,"[61, 22, 15]"
2226,"[24, 58, 42]"
2227,"[46, 35, 62]"
2228,"[16, 52, 29]"
2229,"[56, 49, 29]"
2230,"[25, 19, 29]"
2231,"[25, 19, 29]"
2232,"[48, 27, 53]"
2233,"[32, 57, 19]"
2234,"[53, 22, 39]"
2235,"[53, 22, 39]"
2236,"[53, 22, 39]"
2237,"[57, 35, 15]"
2238,"[40, 57, 21]"
2239,"[32, 48, 54]"
2240,"[32, 48, 54]"
2241,"[32, 48, 54]"
2242,"[35, 30, 47]"
2243,"[35, 30, 47]"
2244,"[35, 30, 47]"
2245,"[40, 59, 23]"
2246,"[40, 42, 30]"
2247,"[40, 49, 59]"
2248,"[40, 49, 59]"
2249,"[24, 35, 19]"
2250,"[58, 27, 42]"
2251,"[58, 37, 53]"
2252,"[58, 37, 53]"
2253,"[56, 13, 15]"
2254,"[56, 13, 15]"
2255,"[16, 25, 61]"
2256,"[57, 27, 53]"
2257,"[64, 26, 54]"
2258,"[64, 26, 54]"
2259,"[64, 26, 54]"
2260,"[64, 26, 54]"
2261,"[42, 35, 47]"
2262,"[40, 29, 30]"
2263,"[43, 35, 37]"
2264,"[56, 25, 37]"
2265,"[13, 45, 62]"
2266,"[45, 13, 62]"
2267,"[13, 45, 62]"
2268,"[11, 52, 54]"
2269,"[57, 19, 31]"
2270,"[13, 22, 31]"
2271,"[65, 45, 47]"
2272,"[29, 54, 39]"
2273,"[29, 54, 39]"
2274,"[16, 59, 60]"
2275,"[16, 59, 60]"
2276,"[2, 43, 52]"
2277,"[32, 33, 54]"
2278,"[61, 62, 14]"
2279,"[16, 43, 35]"
2280,"[38, 21, 62]"
2281,"[2, 60, 63]"
2282,"[40, 34, 37]"
2283,"[58, 27, 29]"
2284,"[31, 54, 47]"
2285,"[47, 54, 31]"
2286,"[31, 54, 47]"
2287,"[47, 54, 31]"
2288,"[47, 54, 31]"
2289,"[40, 56, 11]"
2290,"[56, 40, 11]"
2291,"[32, 56, 19]"
2292,"[49, 34, 38]"
2293,"[49, 34, 38]"
2294,"[33, 19, 28]"
2295,"[40, 41, 54]"
2296,"[56, 5, 62]"
2297,"[40, 33, 18]"
2298,"[40, 33, 18]"
2299,"[60, 30, 31]"
2300,"[42, 52, 37]"
2301,"[25, 29, 54]"
2302,"[33, 29, 49]"
2303,"[33, 29, 49]"
2304,"[26, 52, 54]"
2305,"[34, 52, 15]"
2306,"[35, 60, 13]"
2307,"[37, 38, 22]"
2308,"[53, 61, 23]"
2309,"[16, 62, 22]"
2310,"[64, 7, 55]"
2311,"[41, 43, 38]"
2312,"[25, 37, 33]"
2313,"[34, 54, 30]"
2314,"[34, 54, 30]"
2315,"[34, 54, 30]"
2316,"[40, 57, 11]"
2317,"[26, 52, 13]"
2318,"[26, 52, 13]"
2319,"[1, 63, 33]"
2320,"[25, 34, 22]"
2321,"[25, 34, 22]"
2322,"[17, 19, 62]"
2323,"[33, 35, 37]"
2324,"[33, 35, 37]"
2325,"[25, 23, 55]"
2326,"[24, 13, 47]"
2327,"[24, 13, 47]"
2328,"[24, 13, 47]"
2329,"[27, 13, 22]"
2330,"[24, 13, 54]"
2331,"[41, 22, 57]"
2332,"[23, 61, 47]"
2333,"[16, 25, 62]"
2334,"[56, 28, 13]"
2335,"[48, 31, 39]"
2336,"[51, 59, 45]"
2337,"[59, 51, 45]"
2338,"[33, 50, 19]"
2339,"[57, 19, 46]"
2340,"[57, 19, 46]"
2341,"[57, 5, 62]"
2342,"[52, 39, 15]"
2343,"[40, 59, 31]"
2344,"[34, 12, 55]"
2345,"[53, 54, 39]"
2346,"[24, 27, 55]"
2347,"[24, 51, 31]"
2348,"[24, 51, 31]"
2349,"[46, 60, 54]"
2350,"[46, 60, 54]"
2351,"[48, 41, 54]"
2352,"[48, 41, 54]"
2353,"[59, 53, 47]"
2354,"[65, 59, 45]"
2355,"[56, 37, 39]"
2356,"[40, 31, 39]"
2357,"[19, 59, 30]"
2358,"[32, 43, 54]"
2359,"[32, 43, 54]"
2360,"[33, 42, 53]"
2361,"[33, 42, 53]"
2362,"[33, 42, 53]"
2363,"[16, 33, 35]"
2364,"[16, 33, 35]"
2365,"[16, 33, 35]"
2366,"[0, 33, 13]"
2367,"[37, 60, 53]"
2368,"[34, 29, 22]"
2369,"[34, 29, 22]"
2370,"[34, 29, 22]"
2371,"[3, 61, 63]"
2372,"[25, 43, 49]"
2373,"[25, 43, 49]"
2374,"[42, 19, 39]"
2375,"[42, 19, 39]"
2376,"[42, 19, 39]"
2377,"[42, 19, 39]"
2378,"[18, 19, 55]"
2379,"[17, 19, 61]"
2380,"[17, 19, 61]"
2381,"[34, 60, 23]"
2382,"[48, 42, 53]"
2383,"[58, 12, 47]"
2384,"[24, 49, 55]"
2385,"[27, 59, 19]"
2386,"[24, 33, 53]"
2387,"[24, 33, 53]"
2388,"[50, 22, 55]"
2389,"[16, 34, 55]"
2390,"[18, 60, 38]"
2391,"[48, 45, 54]"
2392,"[48, 45, 54]"
2393,"[45, 22, 55]"
2394,"[29, 19, 53]"
2395,"[53, 19, 29]"
2396,"[24, 56, 34]"
2397,"[24, 34, 56]"
2398,"[27, 19, 47]"
2399,"[34, 61, 31]"
2400,"[40, 33, 11]"
2401,"[40, 33, 11]"
2402,"[49, 34, 54]"
2403,"[49, 34, 54]"
2404,"[49, 34, 54]"
2405,"[49, 34, 54]"
2406,"[24, 13, 22]"
2407,"[24, 42, 56]"
2408,"[56, 24, 42]"
2409,"[40, 13, 15]"
2410,"[40, 13, 15]"
2411,"[42, 61, 23]"
2412,"[25, 53, 39]"
2413,"[58, 13, 46]"
2414,"[58, 13, 46]"
2415,"[58, 13, 46]"
2416,"[40, 19, 28]"
2417,"[25, 59, 13]"
2418,"[25, 59, 39]"
2419,"[41, 52, 39]"
2420,"[48, 1, 63]"
2421,"[27, 54, 47]"
2422,"[27, 54, 47]"
2423,"[33, 60, 21]"
2424,"[33, 60, 21]"
2425,"[19, 45, 62]"
2426,"[39, 29, 47]"
2427,"[56, 34, 37]"
2428,"[56, 42, 27]"
2429,"[56, 42, 27]"
2430,"[28, 52, 39]"
2431,"[28, 52, 39]"
2432,"[28, 52, 39]"
2433,"[28, 52, 39]"
2434,"[0, 48, 13]"
2435,"[32, 56, 13]"
